indep_var_4	dep_var
Biscoe	4716.017964071856
Dream	3712.9032258064517
Torgersen	3706.372549019608
